Product Number,Product Number,Is Individual
20-3001,BLS Provider eCard,TRUE
20-3002,Heartsaver First Aid CPR AED eCard,TRUE
20-3003,Heartsaver Pediatric First Aid CPR AED eCard,TRUE
20-3004,Heartsaver CPR AED eCard,TRUE
20-3005,Heartsaver First Aid eCard,TRUE
20-3016,BLS Instructor eCard,TRUE
20-3011,Heaertsaver For K-12 Schools Course Completion eCard,TRUE
20-3018,Advisor: BLS eCard,TRUE
20-3102,BLS Provider Manual eBook,TRUE
20-1601,"Heartsaver® First Aid CPR AED Blended Learning Bundle (eLearning with eBook, eCard)",FALSE
20-1492,"Heartsaver® First Aid CPR AED Digital Bundle (eBook, eCard)",FALSE
20-1498,"Heartsaver® CPR AED Blended Learning Bundle (eLearning with eBook, eCard)",FALSE
20-1497,"Heartsaver® CPR AED Digital Bundle (eBook, eCard)",FALSE
20-1494,"Heartsaver® First Aid Blended Learning Bundle (eLearning with eBook, eCard)",FALSE
20-1493,"Heartsaver® First Aid Digital Bundle (eBook, eCard)",FALSE
20-1496,"Heartsaver® Pediatric First Aid CPR AED Blended Learning Bundle (eLearning with eBook, eCard)",FALSE
20-1495,"Heartsaver® Pediatric First Aid CPR AED Digital Bundle (eBook, eCard)",FALSE
20-1600,"Heartsaver® for K-12 Blended Learning Bundle (eLearning with eBook, eCard)",FALSE
20-1499,"Heartsaver® for K-12 Digital Bundle (eBook, eCard)",FALSE
20-1602,"US Spanish Heartsaver® First Aid CPR AED Blended Learning Bundle (eLearning with eBook, eCard)",FALSE
20-1603,"US Spanish Heartsaver® First Aid CPR AED Digital Bundle (eBook, eCard)",FALSE
20-1605,"US Spanish Heartsaver® CPR AED Blended Learning Bundle (eLearning with eBook, eCard)",FALSE
20-1604,"US Spanish Heartsaver® CPR AED Digital Bundle (eBook, eCard)",FALSE