SKU,Name,Category,,,,,,,,,,,
20-3001,2020 BLS Provider,TRUE,,,,,,,,,,,
20-3002,2020 Heartsaver First Aid CPR AED,TRUE,,,,,,,,,,,
20-3004,2020 Heartsaver CPR AED,TRUE,,,,,,,,,,,
20-3005,2020 Heartsaver First Aid,TRUE,,,,,,,,,,, 
20-3011,2020 Heartsaver for K-12 Schools,TRUE,,,,,,,,,,,
20-3016,2020 BLS Instructor,TRUE,,,,,,,,,,,
20-3018,2020 Advisor: BLS,TRUE,,,,,,,,,,,
20-3003,2020 Heartsaver Pediatric First Aid CPR AED,TRUE,,,,,,,,,,,
20-3016,BLS Instructor,TRUE,,,,,,,,,,,
20-3017,Heartsaver Instructor,TRUE,,,,,,,,,,,
25-3001,BLS Provider Course,TRUE,,,,,,,,,,,
25-3002,Heartsaver First Aid CPR AED,TRUE,,,,,,,,,,,
25-3004,Heartsaver CPR AED,TRUE,,,,,,,,,,,
25-3005,Heartsaver First Aid,TRUE,,,,,,,,,,,
25-3011,Heartsaver for K-12 Schools,TRUE,,,,,,,,,,,
25-3016,BLS Instructor,TRUE,,,,,,,,,,,
25-3018,Advisor: BLS,TRUE,,,,,,,,,,,
25-3003,Heartsaver Pediatric First Aid CPR AED,TRUE,,,,,,,,,,,
25-3016,BLS Instructor,TRUE,,,,,,,,,,,
25-3017,Heartsaver Instructor,TRUE,,,,,,,,,,,
25-3000,ACLS Provider Ecard,TRUE,,,,,,,,,,,
20-3000,2020 ACLS Provider,TRUE,,,,,,,,,,,
20-3006,2020 PALS Provider,TRUE,,,,,,,,,,,
